City,Cloudiness,Date,Humidity,Lat,Lng,Max Temp,Windspeed
ponta do sol,40,1615390020,59,32.6667,-17.1,63.0,13.8
busselton,100,1615390020,91,-33.65,115.3333,72.0,4
saint george,1,1615390021,30,37.1041,-113.5841,45.0,11.5
bang saphan,2,1615390021,84,11.2126,99.5117,76.98,1.3
bredasdorp,87,1615390021,88,-34.5322,20.0403,69.8,2.3
arica,0,1615389799,53,-18.475,-70.3042,78.8,10.36
victoria,98,1615389802,83,22.2855,114.1577,68.0,1.01
carnarvon,0,1615390022,78,-24.8667,113.6333,78.8,11.5
alice springs,40,1615389990,50,-23.7,133.8833,80.6,10.36
flin flon,90,1615390022,93,54.7682,-101.865,19.4,8.05
pucallpa,75,1615390022,78,-8.3791,-74.5539,78.8,2.3
saint-philippe,0,1615390023,74,-21.3585,55.7679,80.6,20.71
vaini,20,1615390023,83,-21.2,-175.2,73.4,5.75
saskylakh,53,1615390023,81,71.9167,114.0833,-21.86,19.19
rikitea,9,1615389794,77,-23.1203,-134.9692,78.62,18.12
tiksi,100,1615390024,85,71.6872,128.8694,-17.73,14.63
faanui,100,1615390024,69,-16.4833,-151.75,81.81,12.12
atuona,55,1615390024,76,-9.8,-139.0333,79.2,19.51
kapaa,40,1615390024,94,22.0752,-159.319,71.6,9.22
tammisaari,0,1615390025,35,59.9736,23.4339,19.99,4
cockburn town,90,1615390025,78,21.4612,-71.1419,73.4,20.71
lompoc,20,1615390025,93,34.6391,-120.4579,46.4,6.91
buluang,58,1615390025,84,13.3068,123.3425,74.55,5.95
hilo,90,1615389897,88,19.7297,-155.09,68.0,4.61
ribeira grande,75,1615390026,82,38.5167,-28.7,64.4,16.11
turukhansk,53,1615390026,86,65.8167,87.9833,-28.16,1.21
majene,100,1615390026,79,-3.5403,118.9707,77.77,2.46
weligama,89,1615390027,85,5.9667,80.4167,77.76,7.76
albany,5,1615389882,44,42.6001,-73.9662,45.0,3
hermanus,52,1615390027,89,-34.4187,19.2345,69.01,3
ushuaia,40,1615390027,43,-54.8,-68.3,51.8,27.63
butaritari,100,1615390028,79,3.0707,172.7902,80.49,11.43
nalut,100,1615390028,25,30.3333,10.85,75.4,7.2
chokurdakh,99,1615390028,89,70.6333,147.9167,-5.53,12.62
palana,93,1615390028,89,59.1167,159.9667,5.65,4.47
zvolen,0,1615390029,8,48.5744,19.1532,37.99,4
kavaratti,66,1615390029,68,10.5669,72.642,83.8,3.53
bethel,1,1615390029,43,41.3712,-73.414,48.2,8.05
yar-sale,2,1615390030,84,66.8333,70.8333,-26.9,5.06
avarua,75,1615390030,89,-21.2078,-159.775,78.8,6.91
madimba,88,1615390030,80,-10.4,40.3333,81.23,9.71
santeramo in colle,40,1615390031,61,40.793,16.7553,48.99,11.5
port alfred,31,1615390031,70,-33.5906,26.891,77.0,1.01
nouadhibou,0,1615390031,27,20.931,-17.0347,77.0,20.71
berlevag,0,1615390031,62,70.8578,29.0864,14.0,20.71
uglekamensk,36,1615390032,88,43.2172,133.2303,23.95,0.98
wakkanai,1,1615390032,88,45.4094,141.6739,31.44,13.38
vao,4,1615390032,74,-22.6667,167.4833,75.85,10.58
asmara,0,1615390032,55,15.3333,38.9333,65.89,10
petropavlovsk-kamchatskiy,90,1615389982,79,53.0452,158.6483,19.4,6.71
hede,100,1615390093,77,33.7681,120.2517,44.53,6.91
vila franca do campo,75,1615390093,82,37.7167,-25.4333,62.6,13.8
sitka,90,1615390094,75,57.0531,-135.33,35.6,5.75
yellowknife,1,1615390094,76,62.456,-114.3525,-22.0,4.61
vila velha,40,1615390094,66,-20.3297,-40.2925,87.8,9.22
pevek,40,1615390094,80,69.7008,170.3133,-21.68,16.33
broken hill,75,1615390095,72,-31.95,141.4333,64.4,9.22
urumqi,90,1615389852,93,43.801,87.6005,30.2,2.24
severo-kurilsk,100,1615390095,97,50.6789,156.125,31.37,11.34
nuuk,90,1615390095,93,64.1835,-51.7216,23.0,5.75
redwater,90,1615390096,82,33.3582,-94.2544,62.6,8.05
constitucion,100,1615390096,67,-35.3333,-72.4167,66.74,3.36
khatanga,97,1615390096,84,71.9667,102.5,-21.46,22.21
mount gambier,100,1615390096,94,-37.8333,140.7667,53.6,4.61
bluff,0,1615390097,91,-46.6,168.3333,44.01,0.76
cape town,90,1615390097,88,-33.9258,18.4232,72.0,16.11
sisimiut,100,1615390097,95,66.9395,-53.6735,19.49,10.09
panubigan,100,1615390097,83,7.4281,123.3466,78.71,14.14
suhbaatar,0,1615390098,96,50.2314,106.2078,20.01,0.29
zurrieq,20,1615390098,67,35.8311,14.4742,60.01,20.71
poya,30,1615390098,81,-21.35,165.15,72.75,4.18
yebaishou,84,1615390099,63,41.3975,119.6408,46.42,6.38
ures,0,1615390099,35,29.4333,-110.4,57.0,4
dharchula,86,1615390099,56,29.85,80.5333,56.44,6.15
chuy,7,1615390100,55,-33.6971,-53.4616,74.79,8.95
jiehu,77,1615390100,62,35.5428,118.455,52.0,3
tres arroyos,76,1615390100,30,-38.3739,-60.2798,80.78,17.92
namatanai,100,1615390100,75,-3.6667,152.4333,79.57,4.63
thompson,75,1615390101,72,55.7435,-97.8558,10.4,4.61
shingu,0,1615390101,63,33.7333,135.9833,41.36,7.38
touho,29,1615390101,77,-20.7833,165.2333,76.19,11.7
lebu,100,1615390102,97,-37.6167,-73.65,60.69,9.4
pak phanang,0,1615390102,75,8.3511,100.202,79.2,7.43
galle,90,1615390102,86,6.0367,80.217,77.67,8.05
dikson,100,1615390103,90,73.5069,80.5464,-9.8,20.47
leh,19,1615390103,71,34.1667,77.5833,28.06,2.55
alofi,16,1615390103,100,-19.0595,-169.9187,66.2,4.61
dingle,93,1615390103,83,10.9995,122.6711,75.92,10.36
port blair,0,1615390104,74,11.6667,92.75,80.06,9.08
the valley,40,1615389985,69,18.217,-63.0578,84.2,18.41
sinnamary,77,1615390104,82,5.3833,-52.95,79.99,11.61
hovd,3,1615390104,76,48.0056,91.6419,28.09,1.88
barrow,90,1615389902,72,71.2906,-156.7887,5.0,4.61
sangar,99,1615389905,94,63.9242,127.4739,5.52,7.76
jamestown,1,1615390105,37,42.097,-79.2353,51.8,13.04
puri,0,1615390105,83,19.8,85.85,78.8,4.61
provideniya,11,1615390105,84,64.3833,-173.3,-17.5,6.58
codrington,100,1615390106,87,-38.2667,141.9667,53.71,5.37
grand gaube,32,1615390106,73,-20.0064,57.6608,81.0,5.01
inta,94,1615390106,90,66.0317,60.1659,-12.98,5.68
santa barbara,75,1615390167,100,34.7333,-120.0343,44.01,9.22
port elizabeth,0,1615390167,60,-33.918,25.5701,75.2,19.57
novyy svit,100,1615390167,81,47.8059,38.0211,28.81,6.55
huarmey,100,1615390167,68,-10.0681,-78.1522,76.48,5.68
college,90,1615390105,86,64.8569,-147.8028,23.0,1.36
jaque,99,1615390168,70,7.5175,-78.1703,82.53,1.74
kruisfontein,87,1615390168,59,-34.0033,24.7314,78.01,10
qaanaaq,1,1615390169,82,77.484,-69.3632,5.27,6.35
sept-iles,90,1615390127,59,50.2001,-66.3821,30.2,6.91
topolobampo,40,1615390169,72,25.6,-109.05,72.0,6.91
lagoa,100,1615390020,89,39.05,-27.9833,60.35,25.43
kawalu,99,1615390169,90,-7.3817,108.2082,73.08,1.79
mahasamund,12,1615390170,42,21.1,82.1,86.0,4.61
takoradi,96,1615390170,71,4.8845,-1.7554,85.6,14.07
coos bay,1,1615390170,100,43.3665,-124.2179,36.0,3.44
gat,40,1615390171,51,31.61,34.7642,80.01,1.54
mount isa,100,1615390171,83,-20.7333,139.5,73.4,9.22
grand forks,90,1615390171,100,47.9417,-97.4337,26.6,14.97
salalah,0,1615390171,57,17.0151,54.0924,80.6,5.75
micheweni,0,1615390172,74,-4.9667,39.8333,81.9,15.93
tuatapere,72,1615390172,91,-46.1333,167.6833,44.01,2.93
bodden town,75,1615390172,69,19.2833,-81.25,82.0,20.71
torbay,40,1615390173,74,47.6666,-52.7314,34.0,21.85
luwuk,83,1615390173,72,-0.9516,122.7875,78.53,3.06
kamenka,55,1615390173,92,51.3223,42.7678,-0.8,8.28
naranjal,75,1615390174,78,-2.6667,-79.6167,80.6,3.44
rena,100,1615390174,74,61.1348,11.3641,27.0,3
veraval,0,1615390174,81,20.9,70.3667,75.81,10.67
kavieng,100,1615390174,74,-2.5744,150.7967,81.97,10.18
cabo san lucas,40,1615390116,20,22.8909,-109.9124,73.4,9.22
kirakira,81,1615389911,78,-10.4544,161.9205,80.26,3.53
oranjemund,3,1615390175,69,-28.55,16.4333,71.92,9.26
fomboni,97,1615390175,76,-12.28,43.7425,82.83,9.62
havelock,1,1615390176,36,34.8791,-76.9013,64.99,8.05
katsuura,20,1615390176,46,35.1333,140.3,48.2,12.66
acarau,100,1615390176,68,-2.8856,-40.12,84.83,12.17
senhor do bonfim,28,1615390176,35,-10.4614,-40.1894,91.78,6.51
charters towers,4,1615390177,82,-20.1,146.2667,70.97,6.91
inhambane,0,1615390177,61,-23.865,35.3833,86.0,6.91
cam ranh,20,1615390177,78,11.9214,109.1591,78.8,10.36
castro,2,1615390097,55,-24.7911,-50.0119,75.47,6.22
oktyabrskoye,90,1615390178,93,43.0645,44.7417,28.4,6.71
waipawa,75,1615390178,88,-41.4122,175.5153,60.8,23.02
pokhara,72,1615390178,26,28.2333,83.9833,66.96,7.25
grand-santi,60,1615390179,56,4.25,-54.3833,87.51,4.9
port lincoln,0,1615390179,91,-34.7333,135.8667,62.65,6.89
upernavik,68,1615390179,85,72.7868,-56.1549,9.48,2.66
tura,2,1615390180,35,25.5198,90.2201,72.5,2.66
manakara,0,1615390180,75,-22.1333,48.0167,79.65,7.56
chernyshevskiy,0,1615390180,92,63.0128,112.4714,-6.61,5.97
olafsvik,100,1615390240,92,64.8945,-23.7142,28.15,38.99
kolokani,0,1615390241,9,13.5728,-8.0339,99.14,7.99
east london,0,1615390241,53,-33.0153,27.9116,78.8,13.8
husavik,90,1615390241,86,66.0449,-17.3389,30.2,24.16
puerto ayora,75,1615390242,74,-0.7393,-90.3518,82.99,3.44
pacific grove,40,1615390071,81,36.6177,-121.9166,46.4,4.61
kenai,90,1615390242,100,60.5544,-151.2583,30.2,11.5
bambous virieux,40,1615390242,74,-20.3428,57.7575,82.4,6.91
sylva,0,1615390084,55,58.0348,56.7635,1.4,11.18
narasannapeta,0,1615390243,89,18.4167,84.05,75.38,5.14
srednekolymsk,9,1615390243,77,67.45,153.6833,-13.49,6.93
palafrugell,11,1615390243,20,41.9174,3.1631,60.01,11.32
orebro,90,1615390244,64,59.2741,15.2066,30.2,9.22
geraldton,40,1615390244,88,-28.7667,114.6,73.4,0.67
mana,91,1615390244,82,5.6592,-53.7767,79.27,10.8
cidreira,0,1615390245,69,-30.1811,-50.2056,75.25,9.84
thinadhoo,72,1615389973,66,0.5333,72.9333,84.18,5.55
arraial do cabo,20,1615390245,83,-22.9661,-42.0278,82.4,13.8
miri,40,1615390245,94,4.4148,114.0089,78.8,4.61
teahupoo,20,1615390245,88,-17.8333,-149.2667,73.4,10.4
kodiak,90,1615390246,80,57.79,-152.4072,33.8,19.57
sao jose da coroa grande,30,1615390246,67,-8.8978,-35.1478,84.67,11.39
salina,1,1615390201,68,38.8403,-97.6114,66.99,31.07
paamiut,94,1615390246,95,61.994,-49.6678,25.81,3.96
buala,93,1615390247,80,-8.145,159.5921,79.27,5.86
tadine,37,1615390247,72,-21.55,167.8833,73.62,7.16
pingliang,83,1615390247,35,35.5392,106.6861,39.99,8.99
dunedin,12,1615390247,81,-45.8742,170.5036,51.01,4.54
souillac,40,1615390248,74,-20.5167,57.5167,82.4,6.91
andilamena,39,1615390248,95,-17.0167,48.5833,67.48,7.94
san andres,20,1615390101,69,12.5847,-81.7006,82.4,14.97
luoyang,100,1615390248,99,34.6836,112.4536,53.01,2.08
yerbogachen,74,1615390249,94,61.2767,108.0108,3.58,4.65
ketchikan,20,1615390249,86,55.3422,-131.6461,33.8,5.75
san carlos de bariloche,75,1615390249,67,-41.1456,-71.3082,57.2,26.46
pangai,31,1615390249,75,-19.8,-174.35,76.93,16.53
ucluelet,75,1615390076,100,48.9329,-125.5528,34.0,3.44
hasaki,20,1615390216,45,35.7333,140.8333,41.0,8.05
porto walter,100,1615390250,71,-8.2686,-72.7439,78.69,4.9
russell,1,1615390250,58,32.3502,-85.1999,64.0,3.44
ginebra,0,1615390195,35,46.2022,6.1457,52.0,4.61
malmedy,75,1615390250,65,50.4269,6.0279,48.99,11.5
gerash,0,1615390251,12,27.6652,54.1371,77.0,13.8
taoudenni,0,1615390251,13,22.6783,-3.9836,86.07,13.96
san patricio,1,1615390251,78,28.017,-97.5169,73.4,19.57
taltal,11,1615390252,65,-25.4,-70.4833,71.33,6.04
vardo,89,1615390252,85,70.3705,31.1107,10.4,33.38
castlegar,57,1615390204,86,49.2998,-117.6689,32.0,1.14
rurrenabaque,20,1615390252,78,-14.4413,-67.5278,82.4,1.36
hobart,90,1615390158,76,-42.8794,147.3294,55.4,8.05
havre-saint-pierre,1,1615390313,69,50.2334,-63.5986,30.2,12.66
punta arenas,20,1615390213,50,-53.15,-70.9167,51.8,33.38
rabo de peixe,75,1615390313,82,37.8,-25.5833,62.6,13.8
hofn,75,1615390313,60,64.2539,-15.2082,37.4,32.21
belaya gora,94,1615390313,86,68.5333,146.4167,-5.03,9.42
buchanan,75,1615390314,58,5.8808,-10.0467,91.4,8.05
bellefontaine,20,1615390314,38,40.3612,-83.7597,60.01,14.97
luderitz,0,1615390314,64,-26.6481,15.1594,72.23,14.07
tambura,75,1615390315,21,5.6,27.4667,92.84,1.95
nishihara,40,1615390315,59,26.1842,127.7558,64.4,4.61
port hardy,75,1615390315,87,50.6996,-127.4199,41.0,6.91
port shepstone,2,1615390237,71,-30.7414,30.455,78.19,8.21
sijunjung,17,1615390315,88,-0.6876,100.9537,72.7,0.96
ilulissat,75,1615390316,58,69.2167,-51.1,19.4,2.3
kindu,19,1615390316,61,-2.95,25.95,84.34,2.66
yamada,0,1615390316,87,39.4667,141.95,32.54,5.88
gladstone,40,1615390317,69,-23.85,151.25,80.6,6.91
qingdao,0,1615390317,52,36.0986,120.3719,48.0,6.71
zermatt,0,1615390317,28,46.0213,7.7491,57.0,11.5
new norfolk,7,1615390317,66,-42.7826,147.0587,54.0,2.24
georgetown,20,1615390213,65,5.4112,100.3354,86.0,6.91
tasiilaq,40,1615390318,93,65.6145,-37.6368,17.6,3.44
niteroi,20,1615390142,65,-22.8833,-43.1036,86.0,14.97
mackay,40,1615390318,88,-21.15,149.2,73.4,6.91
sistranda,0,1615390318,55,63.7256,8.834,35.6,33.38
tuktoyaktuk,90,1615390319,85,69.4541,-133.0374,6.8,6.91
san quintin,0,1615390038,67,30.4833,-115.95,53.29,6.91
limbang,75,1615390319,89,4.75,115,80.6,4.61
santiago de cuba,40,1615390119,69,20.0247,-75.8219,78.8,12.66
mogila,75,1615390319,87,41.1083,21.3786,50.0,9.22
kodinsk,86,1615390320,95,58.6881,99.1844,13.1,3.56
iqaluit,75,1615390190,71,63.7506,-68.5145,-0.4,5.75
onguday,47,1615390320,85,50.75,86.15,26.46,4.32
samarai,18,1615390320,77,-10.6167,150.6667,82.15,6.42
jega,99,1615390160,11,12.2175,4.3792,104.9,1.01
daru,44,1615390321,86,-9.0763,143.2092,78.49,5.99
batemans bay,99,1615390210,94,-35.7167,150.1833,63.0,1.01
mar del plata,75,1615390089,60,-38.0023,-57.5575,75.2,14.97
lata,37,1615390321,80,40.1629,-8.3327,66.0,7
sola,90,1615390322,100,-13.8833,167.55,77.0,13.49
kryve ozero,100,1615390322,86,47.9524,30.3493,28.27,8.48
west wendover,1,1615390306,54,40.7391,-114.0733,24.8,3.67
karratha,0,1615390322,64,-20.7377,116.8463,84.07,15.52
syamzha,99,1615390323,93,60.0158,41.0614,-0.6,5.1
wanaka,77,1615390323,85,-44.7,169.15,51.01,3.58
trairi,99,1615390323,62,-3.2778,-39.2689,86.65,12.59
atherton,100,1615390324,88,53.5237,-2.4935,51.01,5.01
ostrovnoy,0,1615390324,90,68.0531,39.5131,7.63,13.33
mamit,49,1615390324,76,23.9333,92.4833,64.72,4.32
kahului,75,1615390324,74,20.8947,-156.47,68.0,4.61
hamilton,75,1615390385,33,39.1834,-84.5333,63.0,14.97
saldanha,85,1615390385,88,-33.0117,17.9442,68.0,14.97
rocha,35,1615390385,54,-34.4833,-54.3333,75.96,7.56
victor rosales,75,1615390386,32,22.95,-102.7,53.6,6.29
burnie,46,1615390386,94,-41.0667,145.9167,62.01,1.01
bull savanna,64,1615390386,66,17.8868,-77.5902,80.38,12.82
anadyr,0,1615390387,63,64.75,177.4833,-16.6,6.71
chiang klang,0,1615390387,54,19.2938,100.8617,78.01,1.45
chicama,75,1615390387,83,-7.8447,-79.1469,75.2,9.22
necochea,87,1615390387,51,-38.5473,-58.7368,79.0,17
leningradskiy,55,1615390388,74,69.3833,178.4167,-22.0,6.33
valparaiso,90,1615390315,100,-33.0393,-71.6273,60.8,5.75
santa rosalia,51,1615390388,40,27.3167,-112.2833,62.74,6.69
ornskoldsvik,90,1615390388,73,63.2909,18.7153,19.4,13.8
filiatra,40,1615390389,48,37.15,21.5833,64.4,6.91
moctezuma,0,1615390389,27,29.8,-109.6667,65.17,5.03
bealanana,48,1615390389,90,-14.55,48.7333,66.29,0.85
bonavista,0,1615390389,55,48.6499,-53.1147,35.6,8.05
ponta delgada,75,1615390390,82,37.7333,-25.6667,62.6,13.8
puerto armuelles,20,1615390390,51,8.2833,-82.8667,87.8,4.61
teavaro,40,1615390390,88,-17.5,-149.7667,73.4,1.14
kungsbacka,0,1615390391,51,57.4872,12.0761,39.0,13.8
road town,40,1615390391,65,18.4167,-64.6167,82.4,12.66
mareeba,75,1615390391,73,-17,145.4333,77.0,9.22
sibolga,8,1615390391,79,1.7427,98.7792,77.81,3.42
kathu,40,1615390392,78,7.9178,98.3332,80.6,1.14
cherskiy,1,1615390392,80,68.75,161.3,-15.47,15.12
kachug,69,1615390392,93,53.9606,105.8817,13.86,1.81
zhangye,27,1615390393,44,38.9342,100.4517,48.02,5.88
san cristobal,75,1615390393,100,7.7669,-72.225,71.6,4.61
kumluca,4,1615390393,69,36.3703,30.2869,60.21,3.96
kautokeino,70,1615390394,91,69.0125,23.0412,9.27,15.95
bekwai,100,1615390394,56,6.4534,-1.5774,89.26,4.59
nouakchott,87,1615390394,20,18.0858,-15.9785,82.4,17.27
los llanos de aridane,40,1615390394,56,28.6585,-17.9182,68.0,18.41
acapulco,90,1615390301,83,16.8634,-99.8901,78.8,4.61
hithadhoo,95,1615390395,67,-0.6,73.0833,84.47,8.12
fairbanks,90,1615390203,93,64.8378,-147.7164,23.0,0.47
nchelenge,93,1615390395,67,-9.3451,28.734,75.47,3.42
laguna,90,1615390395,93,38.421,-121.4238,44.6,8.05
langsa,18,1615390396,71,4.4683,97.9683,73.11,3.42
jorpeland,75,1615390396,93,59.0225,6.0408,39.0,24.16
aykhal,63,1615390396,86,66,111.5,-14.58,9.48
la ronge,100,1615390397,86,55.1001,-105.2842,19.4,14.97
pangnirtung,90,1615390397,84,66.1451,-65.7125,-2.2,8.05
meulaboh,2,1615390397,78,4.1363,96.1285,78.85,3.24
nichinan,0,1615390350,66,31.6,131.3667,54.05,8.32
kulhudhuffushi,100,1615390398,72,6.6221,73.07,83.89,10.27
obo,72,1615390398,23,5.3998,26.4869,90.77,1.03
anloga,20,1615390398,62,5.7947,0.8973,91.4,16.11
saint-augustin,29,1615390459,95,51.226,-58.6502,29.64,8.41
sibu,40,1615390459,94,2.3,111.8167,75.2,2.3
agadir,0,1615390459,31,30.4202,-9.5982,73.4,12.66
isangel,0,1615390459,74,-19.55,169.2667,73.78,8.79
lichtenburg,0,1615390460,30,-26.152,26.1597,75.97,6.67
shelburne,99,1615390460,54,44.0787,-80.2041,46.99,16.78
nabire,100,1615390460,89,-3.3667,135.4833,73.45,6.58
chippewa falls,90,1615390205,94,44.9369,-91.3929,53.6,8.05
bengkulu,73,1615390461,88,-3.8004,102.2655,76.3,3.65
caravelas,89,1615390461,62,-17.7125,-39.2481,83.8,10.89
porto novo,20,1615390461,70,6.4965,2.6036,87.8,18.41
yulara,40,1615390461,73,-25.2406,130.9889,78.8,6.91
dzaoudzi,40,1615390462,78,-12.7887,45.2699,82.4,11.5
fallon,90,1615390462,59,39.4735,-118.7774,32.0,3.44
mezen,100,1615390462,91,65.8522,44.24,15.3,12.82
beringovskiy,17,1615390462,76,63.05,179.3167,-16.65,3.33
ponnani,75,1615390463,74,10.767,75.9252,84.2,2.3
taloda,0,1615390463,17,21.5667,74.2167,83.3,5.64
nemuro,19,1615390463,93,43.3236,145.575,28.67,22.53
belgrade,0,1615390406,33,44.804,20.4651,45.0,8.05
le port,75,1615390464,83,-20.9373,55.2919,78.8,6.91
casma,75,1615390464,69,-41.0082,-73.1244,59.0,11.5
camacha,75,1615390464,63,33.0833,-16.3333,62.6,11.5
clyde river,20,1615390464,77,70.4692,-68.5914,-9.4,6.91
collipulli,75,1615390465,68,-37.95,-72.4333,68.0,12.66
paita,20,1615390465,69,-5.0892,-81.1144,82.4,11.5
diego de almagro,0,1615390465,37,-26.3667,-70.05,78.13,11.32
ancud,75,1615390466,76,-41.8697,-73.8203,55.99,10.36
namibe,40,1615390466,65,-15.1961,12.1522,84.2,13.8
kuliyapitiya,20,1615390466,94,7.4688,80.0401,75.2,4.61
vestmanna,75,1615390467,81,62.1564,-7.1664,42.8,17.27
gualaquiza,100,1615390467,69,-3.4,-78.55,71.83,3.22
viedma,100,1615390467,18,-40.8135,-62.9967,92.12,21.92
novonukutskiy,44,1615390467,96,53.7002,102.7117,18.18,3.58
tawang,97,1615390468,78,27.5833,91.8667,40.32,1.7
nizwa,18,1615390468,18,22.9333,57.5333,78.19,9.06
san juan,11,1615390468,28,-31.5375,-68.5364,90.9,11.07
hunxe,100,1615390469,64,51.65,6.7833,50.0,1.01
sao gabriel da cachoeira,90,1615390469,88,-0.1303,-67.0892,77.0,2.3
lufilufi,91,1615390469,77,-13.8745,-171.5986,80.73,9.33
solano,75,1615390469,93,38.2333,-121.9511,44.01,8.05
van,75,1615390387,61,38.4924,43.3831,42.8,6.91
cap-aux-meules,31,1615390202,86,47.3821,-61.8597,32.0,10.36
nantucket,1,1615390470,65,41.2835,-70.0995,44.6,4.61
kushima,0,1615390470,70,31.4583,131.2333,52.12,5.84
touros,40,1615390470,58,-5.1989,-35.4608,87.8,19.57
coihaique,75,1615390471,87,-45.5752,-72.0662,46.4,5.75
matara,89,1615390471,86,5.9485,80.5353,77.23,11.56
sioux lookout,75,1615390252,79,50.1001,-91.917,19.4,9.22
maridi,89,1615390472,24,4.9158,29.4742,90.37,4.61
skjervoy,0,1615390532,57,70.0311,20.9714,14.0,18.41
tairua,100,1615390532,93,-37.0167,175.85,61.0,5.01
lebedinyy,100,1615390532,93,58.5167,125.5167,4.89,13.73
garowe,0,1615390533,54,8.4054,48.4845,78.71,16.84
harper,100,1615390533,82,4.375,-7.7169,82.04,10.76
syasstroy,0,1615390533,88,60.1367,32.5691,0.12,2.73
saint-pierre,0,1615390534,74,-21.3393,55.4781,80.6,20.71
zakupy,39,1615390534,71,50.6848,14.6452,42.01,3.31
orasac,0,1615390535,64,44.6289,16.0711,41.0,6.35
boa vista,40,1615390464,43,2.8197,-60.6733,89.6,16.11
paine,0,1615390535,60,-33.8167,-70.75,73.4,8.05
mondlo,0,1615390535,37,-27.983,30.7177,76.95,3.18
impfondo,75,1615390536,33,1.6381,18.0667,95.45,2.73
sao joao da barra,0,1615390536,58,-21.6403,-41.0511,86.0,9.22
shimoda,40,1615390536,60,34.6667,138.95,39.99,10.49
santa rosa,20,1615390441,69,14.3122,121.1114,80.6,4.61
zalantun,0,1615390536,91,48,122.7167,25.02,6.71
bilma,10,1615390537,7,18.6853,12.9164,98.08,9.53
buraydah,75,1615390537,26,26.326,43.975,82.4,11.5
mayo,1,1615390537,54,38.8876,-76.5119,60.01,3.44
okhotsk,100,1615390538,92,59.3833,143.3,-3.87,3.53
batagay-alyta,100,1615390538,79,67.8006,130.4114,-4.74,5.46
longyearbyen,75,1615390328,93,78.2186,15.6401,23.0,14.97
pacifica,75,1615390538,76,37.6138,-122.4869,46.4,6.91
gallup,1,1615390538,44,35.5281,-108.7426,33.8,8.05
vostok,50,1615390539,95,46.4856,135.8833,10.58,5.59
barra,40,1615390539,45,-11.0894,-43.1417,87.48,4.43
lorengau,44,1615390539,80,-2.0226,147.2712,80.74,7.16
nanortalik,63,1615390540,89,60.1432,-45.2371,29.41,13.65
mongo,0,1615390540,7,12.1844,18.693,103.78,5.5
alugan,44,1615390540,84,12.2188,125.4808,79.14,18.01
caramay,4,1615390540,81,10.1815,119.236,77.74,8.05
makasar,20,1615390541,100,-5.14,119.4221,71.6,1.14
norman wells,40,1615390541,77,65.282,-126.8329,-13.0,4.61
padang,40,1615390541,88,-0.9492,100.3543,77.0,4.61
bathsheba,20,1615390542,57,13.2167,-59.5167,82.4,18.41
sherlovaya gora,0,1615390542,91,50.5667,116.25,9.79,0.72
aklavik,20,1615390542,84,68.2191,-135.0107,-4.0,5.75
deputatskiy,100,1615390542,91,69.3,139.9,-5.08,6.2
quatre cocos,40,1615390543,74,-20.2078,57.7625,82.4,6.91
kieta,95,1615390543,72,-6.2167,155.6333,79.41,2.57
nhulunbuy,98,1615390543,94,-12.2333,136.7667,77.0,4.47
kaeo,94,1615390544,94,-35.1,173.7833,64.0,3
xuddur,21,1615390544,20,4.1213,43.8894,87.69,10.02
igrim,65,1615390544,87,63.1906,64.4162,-19.37,0.78
dhemaji,75,1615390544,88,27.4833,94.5833,69.8,6.91
pa sang,12,1615390545,50,18.5262,98.9394,79.0,2.3
half moon bay,75,1615390545,93,37.4636,-122.4286,45.0,13.22
acajutla,20,1615390545,50,13.5928,-89.8275,80.6,4.61
lahij,0,1615390546,37,13.1667,44.5833,77.45,8.81
danville,1,1615390606,35,36.586,-79.395,64.99,1.92
gonbad-e qabus,40,1615390606,54,37.25,55.1672,55.4,4.61
marsa matruh,19,1615390606,72,31.3525,27.2453,66.2,21.85
ola,51,1615390607,86,59.5833,151.2833,-5.17,3.85
yakovlevka,29,1615390607,90,44.425,133.4772,23.41,4.63
komsomolskiy,90,1615390607,81,40.4272,71.7189,48.2,11.5
muros,100,1615390608,88,42.7762,-9.0603,55.0,15.99
lapao,41,1615390608,38,-11.3833,-41.8319,87.22,7.05
vallenar,41,1615390608,36,-28.5708,-70.7581,82.17,7.23
fortuna,90,1615390608,93,40.5982,-124.1573,42.01,9.22
jiuquan,42,1615390609,50,39.7432,98.5174,44.22,1.3
port-cartier,90,1615390609,59,50.0334,-66.8654,30.2,6.91
la orilla,0,1615390609,49,17.9833,-102.2333,81.57,2.57
luena,75,1615390610,69,-11.7833,19.9167,77.0,8.05
atikokan,100,1615390610,92,48.7555,-91.6216,28.67,7.96
klaksvik,75,1615390610,81,62.2266,-6.589,42.8,17.27
mahebourg,40,1615390611,74,-20.4081,57.7,82.4,6.91
ahipara,96,1615390611,90,-35.1667,173.1667,65.37,10.29
mogadouro,88,1615390611,46,41.3403,-6.7119,59.0,4
tazmalt,76,1615390611,55,36.3868,4.3989,56.61,8.16
itaituba,40,1615390543,78,-4.2761,-55.9836,82.4,3.44
jining,100,1615390612,63,35.405,116.5814,51.08,5.91
te anau,22,1615390612,88,-45.4167,167.7167,41.58,2.28
port hedland,40,1615390612,79,-20.3167,118.5667,84.2,11.5
surt,100,1615390613,70,31.2089,16.5887,63.05,11.05
barcelos,90,1615390613,82,41.5388,-8.6151,57.2,9.22
golden,90,1615390613,100,39.7555,-105.2211,37.99,3.44
pisco,75,1615390614,83,-13.7,-76.2167,75.99,5.75
kambove,97,1615390614,96,-10.8764,26.5969,66.43,5.48
marovoay,20,1615390614,74,-16.1,46.6333,82.4,9.22
marawi,100,1615390614,95,7.9986,124.2928,75.0,1.01
tatawin,40,1615390615,59,32.9297,10.4518,64.4,13.8
bonoua,20,1615390615,79,5.2741,-3.595,86.0,13.8
mugumu,18,1615390615,55,-1.85,34.7,68.32,5.26
weihai,100,1615390526,59,37.5017,122.1136,45.32,11.03
gotsu,0,1615390616,65,35,132.2167,41.45,5.26
santiago,96,1615390484,49,-33.4569,-70.6483,82.0,5.55
sauk rapids,90,1615390616,81,45.5919,-94.1661,37.99,6.91
mozarlandia,100,1615390616,80,-14.7447,-50.5706,79.92,5.75
felanitx,20,1615390448,51,39.4696,3.1483,62.6,8.05
kaitong,0,1615390617,72,44.8135,123.15,36.81,11.21
ixtapa,40,1615390334,77,20.7,-105.2,66.2,2.3
aasiaat,97,1615390617,91,68.7098,-52.8699,12.45,6.96
hargeysa,0,1615390534,79,9.56,44.065,69.12,15.37
itamaraca,40,1615390618,61,-7.7478,-34.8256,84.2,12.66
zhuhai,40,1615390618,88,22.2769,113.5678,71.01,16.11
pestovo,46,1615390618,93,58.5938,35.8024,5.29,4.52
rohatyn,75,1615390618,93,49.409,24.6093,30.2,4.47
shar,92,1615390619,89,49.5886,81.0453,33.76,19.53
santa maria,75,1615390619,57,-29.6842,-53.8069,77.0,5.75
fernandez,0,1615390679,25,-27.9204,-63.8935,93.87,15.48
guipavas,90,1615390680,100,48.4352,-4.3972,51.8,21.85
ossora,98,1615390680,87,59.2353,163.0719,-3.57,1.43
kocevje,13,1615390680,48,45.6433,14.8633,46.0,3.76
chapais,90,1615390680,52,49.7834,-74.8492,37.4,19.57
portland,67,1615390508,92,45.5234,-122.6762,42.01,2.59
finschhafen,88,1615390681,76,-6.6024,147.8681,79.79,4.7
udachnyy,92,1615390681,88,66.4167,112.4,-13.34,4.63
laurel,1,1615390681,47,39.0993,-76.8483,57.99,4.61
san vicente de canete,87,1615390682,60,-13.0751,-76.3835,77.38,7.07
sao felix do xingu,91,1615390682,85,-6.6447,-51.995,81.01,3.09
chipata,98,1615390682,94,-13.6333,32.65,65.84,0.18
soe,98,1615390683,100,-9.8607,124.284,66.09,2.06
deder,82,1615390683,35,9.3167,41.45,67.69,3.76
lavrentiya,0,1615390683,76,65.5833,-171,-24.14,5.68
doha,0,1615390683,36,25.2867,51.5333,78.8,12.66
puerto ayacucho,27,1615390684,45,5.6639,-67.6236,91.72,2.26
ndola,99,1615390576,94,-12.9587,28.6366,68.59,1.92
karaman,2,1615390684,56,37.0833,33.25,49.3,14.45
vestmannaeyjar,20,1615390684,56,63.4427,-20.2734,37.4,28.77
idrinskoye,9,1615390685,96,54.3708,92.1358,20.53,3.51
lebork,0,1615390633,51,54.5392,17.7501,37.0,6.91
kharp,0,1615390685,80,66.8014,65.8081,-21.51,5.95
guerrero negro,87,1615390685,56,27.9769,-114.0611,59.05,21.32
naze,53,1615390686,83,28.3667,129.4833,62.65,14.05
guane,3,1615390456,53,22.2025,-84.0875,79.16,16.42
hanmer springs,100,1615390686,87,-42.5167,172.8167,51.39,2.51
cooma,90,1615390686,82,-36.2333,149.1333,59.0,11.5
seoul,26,1615390686,81,37.5683,126.9778,44.6,5.75
verkhoyansk,99,1615390687,85,67.5447,133.385,3.79,10.54
charlestown,98,1615390687,81,-32.95,151.6667,73.0,8.43
richards bay,0,1615390687,89,-28.783,32.0377,78.44,3.44
makakilo city,90,1615390688,94,21.3469,-158.0858,68.0,8.16
ratholo,82,1615390688,31,-22.7245,27.572,85.37,0.87
saint anthony,90,1615390688,87,45.0205,-93.218,43.0,6.91
san pedro,20,1615390688,69,14.35,121.0167,80.6,4.61
ejido,100,1615390689,59,8.5514,-71.2375,73.18,3.38
piro,0,1615390689,21,25.3333,84.4167,76.84,5.12
san pascual,39,1615390689,80,13.7975,121.0342,78.01,8.99
oum hadjer,0,1615390690,8,13.2954,19.6966,101.23,4.09
pizarro,100,1615390690,93,4.9533,-77.366,76.01,8.79
tolu,69,1615390690,46,9.5239,-75.5814,90.27,6.46
fayaoue,6,1615390690,66,-20.65,166.5333,78.48,14.29
praia da vitoria,40,1615390691,64,38.7333,-27.0667,69.8,11.92
karlskoga,90,1615390691,69,59.3267,14.5239,30.2,8.05
isoka,59,1615390691,91,-10.1606,32.6335,68.18,0.6
kysyl-syr,100,1615390691,91,63.8986,122.7617,1.94,9.1
dombarovskiy,67,1615390692,93,50.7587,59.5386,9.39,16.93
skibbereen,75,1615390692,93,51.55,-9.2667,51.8,29.93
oxford,90,1615390692,93,51.7522,-1.256,48.2,21.85
palmer,40,1615390510,52,42.1584,-72.3287,48.0,4.61
tongliao,0,1615390753,70,43.6125,122.2653,38.91,8.97
fergus falls,90,1615390753,86,46.283,-96.0776,32.0,6.91
chifeng,49,1615390753,68,42.2683,118.9636,43.23,5.1
shirokiy,18,1615390754,95,49.758,129.523,17.29,8.03
tabuk,52,1615390754,83,17.4189,121.4443,70.52,3.31
masuguru,100,1615390754,92,-11.3667,38.4167,77.13,1.28
tubuala,40,1615390754,58,9.5167,-79.0333,86.0,17.27
meadville,1,1615390755,33,41.6414,-80.1515,57.99,5.75
muravlenko,0,1615390629,86,63.7898,74.523,-29.87,2.77
dongsheng,61,1615390755,71,39.8161,109.9776,40.26,14.58
arman,11,1615390755,86,59.7,150.1667,-6.57,3.47
zomin,100,1615390756,84,39.9606,68.3958,44.22,2.24
gwadar,0,1615390756,82,25.1216,62.3254,73.58,5.79
gamba,48,1615390756,76,-2.65,10,82.76,9.01
victor harbor,91,1615390757,82,-35.5667,138.6167,64.99,3.71
lunino,100,1615390757,92,53.5918,45.2271,0.63,8.46
omboue,96,1615390757,81,-1.5746,9.2618,80.62,8.5
poum,2,1615390757,74,-20.2333,164.0167,78.04,8.5
artyom,0,1615390758,81,40.4723,50.333,41.0,9.22
formosa,0,1615390758,45,-26.1775,-58.1781,86.0,6.91
maniitsoq,100,1615390758,95,65.4167,-52.9,20.39,8.68
irara,0,1615390759,23,-12.05,-38.7667,95.36,6.71
merauke,99,1615390759,90,-8.4667,140.3333,76.91,4.76
saposoa,75,1615390759,88,-6.934,-76.7716,73.4,1.19
la trinite,90,1615390760,61,14.7376,-60.9629,84.2,20.71
jacareacanga,75,1615390760,78,-6.2222,-57.7528,82.4,3.44
vila praia de ancora,90,1615390760,100,41.811,-8.8526,55.99,8.05
helena,1,1615390760,86,46.5927,-112.0361,21.2,1.48
noumea,0,1615390761,88,-22.2763,166.4572,69.8,1.14
rawson,75,1615390761,25,-43.3002,-65.1023,82.8,28.83
nyurba,76,1615390761,90,63.2842,118.3319,-2.58,7.78
abha,20,1615390761,64,18.2164,42.5053,71.6,13.8
keetmanshoop,0,1615390762,15,-26.5833,18.1333,86.0,3.44
vicuna,62,1615390762,47,-30.0319,-70.7081,79.0,1.99
grants,1,1615390762,52,35.1473,-107.8514,37.4,19.57
haverfordwest,100,1615390763,99,51.8017,-4.9691,51.01,38.99
